name,location,email
Alice,New York,alice@example.com
Bob,Los Angeles,bob@example.com
Charlie,Chicago,charlie@example.com
Diana,Houston,diana@example.com
Eve,Phoenix,eve@example.com
Frank,Philadelphia,frank@example.com
Grace,San Antonio,grace@example.com
Heidi,San Diego,heidi@example.com
Ivan,Dallas,ivan@example.com
Judy,San Jose,judy@example.com
Karl,Austin,karl@example.com
Laura,Jacksonville,laura@example.com
Mallory,Fort Worth,mallory@example.com
Niaj,Columbus,niaj@example.com
Olivia,Charlotte,olivia@example.com
